"store_type","revenue"
"Local",465170.3099999995
"Super Store",107630.38000000012
"Mall Kiosk",83434.84999999998
"Outlet",54793.48999999992
"Web Portal",72.99000000000001
