"Store Type","total_sales","percentage_of_total_sales","order_count"
"Local",4201732.459999557,65.01415999383883,"78339"
"Super Store",1045395.579999998,16.1755933158531,"19273"
"Mall Kiosk",706188.710000006,10.926984574783683,"13137"
"Outlet",508411.37000000325,7.866740318794714,"9208"
"Web Portal",1067.77,0.016521796729682455,"43"
