"month","revenue"
"08",66048.28999999995
"10",65003.31999999996
"07",64531.01000000002
"12",63558.189999999966
"09",63461.08999999997
"01",60248.47000000002
"06",58902.48999999999
"05",58131.15999999993
"11",56056.56000000002
"03",55567.13999999993
"04",51381.46999999994
"02",48212.83
